{
    "sequence": [
        {
            "num_repetitions": 0,
            "repetition_time_s": 0.10000739991664886,
            "sequence": [
                {
                    "num_repetitions": 64,
                    "repetition_time_s": 0.0010007125092670321,
                    "sequence": [
                        {
                            "end_frequency_Hz": 60000000000,
                            "hp_cutoff_Hz": 80000,
                            "if_gain_dB": 23,
                            "lp_cutoff_Hz": 500000,
                            "num_samples": 128,
                            "rx_mask": 7,
                            "sample_rate_Hz": 2000000,
                            "start_frequency_Hz": 58000000000,
                            "tx_mask": 1,
                            "tx_power_level": 31,
                            "type": "chirp"
                        }
                    ],
                    "type": "loop"
                }
            ],
            "type": "loop"
        }
    ]
}
