{
    "device_config": {
        "fmcw_single_shape": {
            "rx_antennas": [1, 3], 
            "tx_antennas": [1], 
            "tx_power_level": 31, 
            "if_gain_dB": 40, 
            "lower_frequency_Hz": 58000000000, 
            "upper_frequency_Hz": 63000000000, 
            "num_chirps_per_frame": 16,
            "num_samples_per_chirp": 512,
            "chirp_repetition_time_s": 0.002, 
            "frame_repetition_time_s": 0.2,
            "sample_rate_Hz": 1000000,
            "hp_cutoff_Hz": 20000
        }
    }
}